;Types
NOVA_MEMREF
NOVA_OP
NOVA_IO
NOVA_MATH
NOVA_PC
ECLIPSE_MEMREF
ECLIPSE_OP
ECLIPSE_PC
ECLIPSE_STACK
EAGLE_IO
EAGLE_PC
EAGLE_OP
EAGLE_MEMREF
EAGLE_STACK
EAGLE_FPU
;
;Formats
DERR_FMT
IMM_MODE_2_WORD_FMT
IMM_ONEACC_FMT
IO_FLAGS_DEV_FMT
IO_TEST_DEV_FMT
LNDO_4_WORD_FMT
NOACC_MODE_2_WORD_FMT
NOACC_MODE_3_WORD_FMT
NOACC_MODE_IMM_IND_3_WORD_FMT
NOACC_MODE_IND_2_WORD_E_FMT
NOACC_MODE_IND_2_WORD_X_FMT
NOACC_MODE_IND_3_WORD_FMT
NOACC_MODE_IND_3_WORD_XCALL_FMT
NOACC_MODE_IND_4_WORD_FMT
NOVA_DATA_IO_FMT
NOVA_NOACC_EFF_ADDR_FMT
NOVA_ONEACC_EFF_ADDR_FMT
NOVA_TWOACC_MULT_OP_FMT
ONEACC_IMM_2_WORD_FMT
ONEACC_IMMWD_2_WORD_FMT
ONEACC_IMM_3_WORD_FMT
ONEACC_IMMDWD_3_WORD_FMT
ONEACC_MODE_2_WORD_E_FMT
ONEACC_MODE_2_WORD_X_B_FMT
ONEACC_MODE_3_WORD_FMT
ONEACC_MODE_IND_2_WORD_E_FMT
ONEACC_MODE_IND_2_WORD_X_FMT
ONEACC_MODE_IND_3_WORD_FMT
ONEACC_1_WORD_FMT
UNIQUE_1_WORD_FMT
UNIQUE_2_WORD_FMT
SPLIT_8BIT_DISP_FMT
THREE_WORD_DO_FMT
TWOACC_1_WORD_FMT
TWOACC_IMM_2_WORD_FMT
WSKB_FMT
;
;Instructions
ADC,0x8400,0x8700,1,NOVA_TWOACC_MULT_OP_FMT,NOVA_OP,0
ADD,0x8600,0x8700,1,NOVA_TWOACC_MULT_OP_FMT,NOVA_OP,0
ADDI,0xe7f8,0xe7ff,2,ONEACC_IMM_2_WORD_FMT,ECLIPSE_OP,0
ADI,0x8008,0x87ff,1,IMM_ONEACC_FMT,ECLIPSE_OP,0
ANC,0x8188,0x87ff,1,TWOACC_1_WORD_FMT,ECLIPSE_OP,0
AND,0x8700,0x8700,1,NOVA_TWOACC_MULT_OP_FMT,NOVA_OP,0
ANDI,0xc7f8,0xe7ff,2,ONEACC_IMMWD_2_WORD_FMT,ECLIPSE_OP,0
BAM,0x97c8,0xffff,1,UNIQUE_1_WORD_FMT,ECLIPSE_MEMREF,0
BKPT,0xc789,0xffff,1,UNIQUE_1_WORD_FMT,EAGLE_PC,0
BLM,0xb7c8,0xffff,1,UNIQUE_1_WORD_FMT,ECLIPSE_MEMREF,0
BTO,0x8408,0x87ff,1,TWOACC_1_WORD_FMT,ECLIPSE_OP,0
BTZ,0x8448,0x87ff,1,TWOACC_1_WORD_FMT,ECLIPSE_OP,0
CIO,0x85e9,0x87ff,1,TWOACC_1_WORD_FMT,EAGLE_IO,0
CIOI,0x85f9,0x87ff,2,TWOACC_IMM_2_WORD_FMT,EAGLE_IO,0
CLM,0x84f8,0x87ff,1,TWOACC_1_WORD_FMT,ECLIPSE_PC,0
CMP,0xdfa8,0xffff,1,UNIQUE_1_WORD_FMT,ECLIPSE_MEMREF,0
CMT,0xefa8,0xffff,1,UNIQUE_1_WORD_FMT,ECLIPSE_MEMREF,0
CMV,0xd7a8,0xffff,1,UNIQUE_1_WORD_FMT,ECLIPSE_MEMREF,0
COB,0x8588,0x87ff,1,TWOACC_1_WORD_FMT,ECLIPSE_OP,0
COM,0x8000,0x8700,1,NOVA_TWOACC_MULT_OP_FMT,NOVA_OP,0
CRYTC,0xa7e9,0xffff,1,UNIQUE_1_WORD_FMT,EAGLE_OP,0
CRYTO,0xa7c9,0xffff,1,UNIQUE_1_WORD_FMT,EAGLE_OP,0
CRYTZ,0xa7d9,0xffff,1,UNIQUE_1_WORD_FMT,EAGLE_OP,0
CTR,0xe7a8,0xffff,1,UNIQUE_1_WORD_FMT,ECLIPSE_OP,0
CVWN,0xe669,0xe7ff,1,ONEACC_1_WORD_FMT,EAGLE_OP,0
DAD,0x8088,0x87ff,1,TWOACC_1_WORD_FMT,ECLIPSE_OP,0
DEQUE,0xe7c9,0xffff,1,UNIQUE_1_WORD_FMT,EAGLE_OP,0
DERR,0x8f09,0x8fcf,1,DERR_FMT,EAGLE_PC,0
DHXL,0x8388,0x87ff,1,IMM_ONEACC_FMT,ECLIPSE_OP,0
DHXR,0x83c8,0x87ff,1,IMM_ONEACC_FMT,ECLIPSE_OP,0
DIA,0x6100,0xe700,1,NOVA_DATA_IO_FMT,NOVA_IO,0
DIB,0x6300,0xe700,1,NOVA_DATA_IO_FMT,NOVA_IO,0
DIC,0x6500,0xe700,1,NOVA_DATA_IO_FMT,NOVA_IO,0
DIV,0xd7c8,0xffff,1,UNIQUE_1_WORD_FMT,NOVA_MATH,0
DIVS,0xdfc8,0xffff,1,UNIQUE_1_WORD_FMT,ECLIPSE_OP,0
DIVX,0xbfc8,0xffff,1,UNIQUE_1_WORD_FMT,ECLISPE_OP,0
DLSH,0x82c8,0x87ff,1,TWOACC_1_WORD_FMT,ECLIPSE_OP,0
DOA,0x6200,0xe700,1,NOVA_DATA_IO_FMT,NOVA_IO,0
DOB,0x6400,0xe700,1,NOVA_DATA_IO_FMT,NOVA_IO,0
DOC,0x6600,0xe700,1,NOVA_DATA_IO_FMT,NOVA_IO,0
DSB,0x80c8,0x87ff,1,TWOACC_1_WORD_FMT,ECLIPSE_OP,0
DSPA,0xc478,0xe4ff,2,ONEACC_MODE_IND_2_WORD_E_FMT,ECLIPSE_PC,1
DSZ,0x1800,0xf800,1,NOVA_NOACC_EFF_ADDR_FMT,NOVA_MEMREF,0
DSZTS,0xc7d9,0xffff,1,UNIQUE_1_WORD_FMT,EAGLE_PC,0
ECLID,0xffc8,0xffff,1,UNIQUE_1_WORD_FMT,EAGLE_IO,0
EDIT,0xf7a8,0xffff,1,UNIQUE_1_WORD_FMT,ECLIPSE_OP,0
EDSZ,0x9c38,0xfcff,2,NOACC_MODE_IND_2_WORD_E_FMT,ECLIPSE_PC,1
EISZ,0x9438,0xfcff,2,NOACC_MODE_IND_2_WORD_E_FMT,ECLIPSE_PC,1
EJMP,0x8438,0xfcff,2,NOACC_MODE_IND_2_WORD_E_FMT,ECLIPSE_PC,1
EJSR,0x8c38,0xfcff,2,NOACC_MODE_IND_2_WORD_E_FMT,ECLIPSE_PC,1
ELDA,0xa438,0xe4ff,2,ONEACC_MODE_IND_2_WORD_E_FMT,ECLIPSE_MEMREF,1
ELDB,0x8478,0xe4ff,2,ONEACC_MODE_IND_2_WORD_E_FMT,ECLIPSE_MEMREF,1
ELEF,0xe438,0xe4ff,2,ONEACC_MODE_IND_2_WORD_E_FMT,ECLIPSE_OP,1
ENQH,0xc7e9,0xffff,1,UNIQUE_1_WORD_FMT,EAGLE_OP,0
ENQT,0xc7f9,0xffff,1,UNIQUE_1_WORD_FMT,EAGLE_OP,0
ESTA,0xc438,0xe4ff,2,ONEACC_MODE_IND_2_WORD_E_FMT,ECLIPSE_OP,1
ESTB,0xa478,0xe4ff,2,ONEACC_MODE_2_WORD_E_FMT,ECLIPSE_OP,1
FNS,0x86a8,0xffff,1,UNIQUE_1_WORD_FMT,ECLIPSE_PC,0
FPOP,0xeee8,0xffff,1,UNIQUE_1_WORD_FMT,ECLIPSE_STACK,0
FPSH,0xe6e8,0xffff,1,UNIQUE_1_WORD_FMT,ECLIPSE_STACK,0
FSA,0x8ea8,0xffff,1,UNIQUE_1_WORD_FMT,ECLIPSE_PC,0
FXTD,0xa779,0xffff,1,UNIQUE_1_WORD_FMT,ECLIPSE_OP,0
FXTE,0xc749,0xffff,1,UNIQUE_1_WORD_FMT,ECLIPSE_OP,0
HALT,0x647f,0xffff,1,UNIQUE_1_WORD_FMT,NOVA_IO,0
HLV,0xc6f8,0xe7ff,1,ONEACC_1_WORD_FMT,ECLIPSE_OP,0
HXL,0x8308,0x87ff,1,IMM_ONEACC_FMT,ECLIPSE_OP,0
HXR,0x8348,0x87ff,1,IMM_ONEACC_FMT,ECLIPSE_OP,0
INC,0x8300,0x8700,1,NOVA_TWOACC_MULT_OP_FMT,NOVA_OP,0
INTA,0x633f,0xe7ff,1,ONEACC_1_WORD_FMT,NOVA_IO,0
INTDS,0x60bf,0xffff,1,UNIQUE_1_WORD_FMT,NOVA_IO,0
INTEN,0x607f,0xffff,1,UNIQUE_1_WORD_FMT,NOVA_IO,0
IOR,0x8108,0x87ff,1,TWOACC_1_WORD_FMT,ECLIPSE_OP,0
IORI,0x87f8,0xe7ff,2,ONEACC_IMMWD_2_WORD_FMT,ECLIPSE_OP,0
IORST,0x653f,0xe73f,1,ONEACC_1_WORD_FMT,NOVA_IO,0
ISZ,0x1000,0xf800,1,NOVA_NOACC_EFF_ADDR_FMT,NOVA_MEMREF,0
ISZTS,0xc7c9,0xffff,1,UNIQUE_1_WORD_FMT,EAGLE_PC,0
JMP,0x0,0xf800,1,NOVA_NOACC_EFF_ADDR_FMT,NOVA_PC,0
JSR,0x800,0xf800,1,NOVA_NOACC_EFF_ADDR_FMT,NOVA_PC,0
LCALL,0xa6c9,0xe7ff,4,NOACC_MODE_IND_4_WORD_FMT,EAGLE_PC,1
LCPID,0x8759,0xffff,1,UNIQUE_1_WORD_FMT,EAGLE_IO,0
LDA,0x2000,0xe000,1,NOVA_ONEACC_EFF_ADDR_FMT,NOVA_MEMREF,0
LDAFP,0xc669,0xe7ff,1,ONEACC_1_WORD_FMT,EAGLE_STACK,0
LDASB,0xc649,0xe7ff,1,ONEACC_1_WORD_FMT,EAGLE_STACK,0
LDASL,0xa669,0xe7ff,1,ONEACC_1_WORD_FMT,EAGLE_STACK,0
LDASP,0xa649,0xe7ff,1,ONEACC_1_WORD_FMT,EAGLE_STACK,0
LDATS,0x8649,0xe7ff,1,ONEACC_1_WORD_FMT,EAGLE_STACK,0
LDB,0x85c8,0x87ff,1,TWOACC_1_WORD_FMT,ECLIPSE_OP,0
LDSP,0x8519,0x87ff,3,ONEACC_MODE_IND_3_WORD_FMT,EAGLE_PC,1
LEF,0x6000,0xe000,1,NOVA_ONEACC_EFF_ADDR_FMT,ECLIPSE_MEMREF,0
LFDMS,0x81e9,0x87ff,3,ONEACC_MODE_IND_3_WORD_FMT,EAGLE_FPU,1
LJMP,0xa6d9,0xe7ff,3,NOACC_MODE_IND_3_WORD_FMT,EAGLE_PC,1
LJSR,0xa6e9,0xe7ff,3,NOACC_MODE_IND_3_WORD_FMT,EAGLE_PC,1
LLDB,0x84c9,0x87ff,3,ONEACC_MODE_3_WORD_FMT,EAGLE_MEMREF,1
LLEF,0x83e9,0x87ff,3,ONEACC_MODE_IND_3_WORD_FMT,EAGLE_MEMREF,1
LLEFB,0x84e9,0x87ff,3,ONEACC_MODE_3_WORD_FMT,EAGLE_MEMREF,1
LMRF,0x87c9,0xffff,1,UNIQUE_1_WORD_FMT,EAGLE_OP,0
LNADD,0x8218,0x87ff,3,ONEACC_MODE_IND_3_WORD_FMT,EAGLE_OP,1
LNADI,0x8618,0x87ff,3,NOACC_MODE_IMM_IND_3_WORD_FMT,EAGLE_OP,1
LNDIV,0x82d8,0x87ff,3,ONEACC_MODE_IND_3_WORD_FMT,EAGLE_OP,1
LNDO,0x8698,0x87ff,4,LNDO_4_WORD_FMT,EAGLE_PC,1
LNDSZ,0x86d9,0xe7ff,3,NOACC_MODE_IND_3_WORD_FMT,EAGLE_PC,1
LNISZ,0x86c9,0xe7ff,3,NOACC_MODE_IND_3_WORD_FMT,EAGLE_PC,1
LNLDA,0x83c9,0x87ff,3,ONEACC_MODE_IND_3_WORD_FMT,EAGLE_MEMREF,1
LNMUL,0x8298,0x87ff,3,ONEACC_MODE_IND_3_WORD_FMT,EAGLE_MEMREF,1
LNSBI,0x8658,0x87ff,3,NOACC_MODE_IMM_IND_3_WORD_FMT,EAGLE_MEMREF,1
LNSTA,0x83d9,0x87ff,3,ONEACC_MODE_IND_3_WORD_FMT,EAGLE_MEMREF,1
LNSUB,0x8258,0x87ff,3,ONEACC_MODE_IND_3_WORD_FMT,EAGLE_MEMREF,1
LOB,0x8508,0x87ff,1,TWOACC_1_WORD_FMT,ECLIPSE_OP,0
LPEF,0xa6f9,0xe7ff,3,NOACC_MODE_IND_3_WORD_FMT,EAGLE_STACK,1
LPEFB,0xc6f9,0xe7ff,3,NOACC_MODE_3_WORD_FMT,EAGLE_STACK,1
LPHY,0x87e9,0xffff,1,UNIQUE_1_WORD_FMT,EAGLE_OP,0
LPSHJ,0xC6C9,0xE7FF,3,NOACC_MODE_IND_3_WORD_FMT,EAGLE_PC,1
LPSR,0xa799,0xffff,1,UNIQUE_1_WORD_FMT,EAGLE_OP,0
LRB,0x8548,0x87ff,1,TWOACC_1_WORD_FMT,ECLIPSE_OP,0
LSH,0x8288,0x87ff,1,TWOACC_1_WORD_FMT,ECLIPSE_OP,0
LSTB,0x84d9,0x87ff,3,ONEACC_MODE_3_WORD_FMT,EAGLE_MEMREF,1
LWDO,0x8798,0x87ff,4,LNDO_4_WORD_FMT,EAGLE_PC,1
LWDSZ,0x86f9,0xe7ff,3,NOACC_MODE_IND_3_WORD_FMT,EAGLE_PC,1
LWISZ,0x86e9,0xe7ff,3,NOACC_MODE_IND_3_WORD_FMT,EAGLE_PC,1
LWLDA,0x83f9,0x87ff,3,ONEACC_MODE_IND_3_WORD_FMT,EAGLE_MEMREF,1
LWSTA,0x84f9,0x87ff,3,ONEACC_MODE_IND_3_WORD_FMT,EAGLE_MEMREF,1
MOV,0x8200,0x8700,1,NOVA_TWOACC_MULT_OP_FMT,NOVA_OP,0
MSP,0x86f8,0xe7ff,1,ONEACC_1_WORD_FMT,ECLIPSE_OP,0
MUL,0xc7c8,0xffff,1,UNIQUE_1_WORD_FMT,NOVA_MATH,0
MULS,0xcfc8,0xffff,1,UNIQUE_1_WORD_FMT,ECLIPSE_OP,0
NADD,0x8049,0x87ff,1,TWOACC_1_WORD_FMT,EAGLE_OP,0
NADDI,0xc639,0xe7ff,2,ONEACC_IMM_2_WORD_FMT,EAGLE_OP,0
NADI,0x8599,0x87ff,1,IMM_ONEACC_FMT,EAGLE_OP,0
NCLID,0x683f,0xffff,1,UNIQUE_1_WORD_FMT,EAGLE_IO,0
NEG,0x8100,0x8700,1,NOVA_TWOACC_MULT_OP_FMT,NOVA_OP,0
NIO,0x6000,0xff00,1,IO_FLAGS_DEV_FMT,NOVA_IO,0
NLDAI,0xc629,0xe7ff,2,ONEACC_IMM_2_WORD_FMT,EAGLE_OP,0
NMUL,0x8069,0x87ff,1,TWOACC_1_WORD_FMT,EAGLE_OP,0
NSALA,0xe609,0xe7ff,2,ONEACC_IMM_2_WORD_FMT,EAGLE_PC,0
NSANA,0xe629,0xe7ff,2,ONEACC_IMM_2_WORD_FMT,EAGLE_PC,0
NSBI,0x85a9,0x87ff,1,IMM_ONEACC_FMT,EAGLE_OP,0
NSUB,0x8059,0x87ff,1,TWOACC_1_WORD_FMT,EAGLE_OP,0
PIO,0x85d9,0x87ff,1,TWOACC_1_WORD_FMT,EAGLE_IO,0
POP,0x8688,0x87ff,1,TWOACC_1_WORD_FMT,ECLIPSE_STACK,0
POPB,0x8fc8,0xffff,1,UNIQUE_1_WORD_FMT,ECLIPSE_STACK,0
POPJ,0x9fc8,0xffff,1,UNIQUE_1_WORD_FMT,ECLIPSE_STACK,0
PRTSEL,0x783f,0xffff,1,UNIQUE_1_WORD_FMT,EAGLE_IO,0
PSH,0x8648,0x87ff,1,TWOACC_1_WORD_FMT,ECLIPSE_STACK,0
PSHJ,0x84b8,0xfcff,2,NOACC_MODE_IND_2_WORD_E_FMT,ECLIPSE_STACK,1
PSHR,0x87c8,0xffff,1,UNIQUE_1_WORD_FMT,ECLIPSE_STACK,0
READS,0x613f,0xe7ff,1,ONEACC_1_WORD_FMT,EAGLE_IO,0
RSTR,0xefc8,0xffff,1,UNIQUE_1_WORD_FMT,ECLIPSE_STACK,0
RTN,0xafc8,0xffff,1,UNIQUE_1_WORD_FMT,ECLIPSE_STACK,0
SAVE,0xe7c8,0xffff,2,UNIQUE_2_WORD_FMT,ECLIPSE_STACK,0
SBI,0x8048,0x87ff,1,IMM_ONEACC_FMT,ECLIPSE_OP,0
SEX,0x8349,0x87ff,1,TWOACC_1_WORD_FMT,EAGLE_OP,0
SGE,0x8248,0x87ff,1,TWOACC_1_WORD_FMT,ECLIPSE_PC,0
SGT,0x8208,0x87ff,1,TWOACC_1_WORD_FMT,ECLIPSE_PC,0
SKP,0x6700,0xff00,1,IO_TEST_DEV_FMT,NOVA_IO,0
SNB,0x85f8,0x87ff,1,TWOACC_1_WORD_FMT,ECLIPSE_PC,0
SNOVR,0xa7b9,0xffff,1,UNIQUE_1_WORD_FMT,EAGLE_PC,0
SPSR,0xa7a9,0xffff,1,UNIQUE_1_WORD_FMT,EAGLE_OP,0
SPTE,0xe729,0xffff,1,UNIQUE_1_WORD_FMT,EAGLE_OP,0
SSPT,0xe7d9,0xffff,1,UNIQUE_1_WORD_FMT,EAGLE_OP,0
STA,0x4000,0xe000,1,NOVA_ONEACC_EFF_ADDR_FMT,NOVA_MEMREF,0
STAFP,0xc679,0xe7ff,1,ONEACC_1_WORD_FMT,EAGLE_STACK,0
STASB,0xc659,0xe7ff,1,ONEACC_1_WORD_FMT,EAGLE_STACK,0
STASL,0xa679,0xe7ff,1,ONEACC_1_WORD_FMT,EAGLE_STACK,0
STASP,0xa659,0xe7ff,1,ONEACC_1_WORD_FMT,EAGLE_STACK,0
STATS,0x8659,0xe7ff,1,ONEACC_1_WORD_FMT,EAGLE_STACK,0
STB,0x8608,0x87ff,1,TWOACC_1_WORD_FMT,ECLIPSE_OP,0
SUB,0x8500,0x8700,1,NOVA_TWOACC_MULT_OP_FMT,NOVA_OP,0
SZB,0x8488,0x87ff,1,TWOACC_1_WORD_FMT,ECLIPSE_PC,0
SZBO,0x84c8,0x87ff,1,TWOACC_1_WORD_FMT,ECLIPSE_OP,0
WADC,0x8249,0x87ff,1,TWOACC_1_WORD_FMT,EAGLE_OP,0
WADD,0x8149,0x87ff,1,TWOACC_1_WORD_FMT,EAGLE_OP,0
WADDI,0x8689,0xe7ff,3,ONEACC_IMM_3_WORD_FMT,EAGLE_OP,0
WADI,0x84b9,0x87ff,1,IMM_ONEACC_FMT,EAGLE_OP,0
WANC,0x8549,0x87ff,1,TWOACC_1_WORD_FMT,EAGLE_OP,0
WAND,0x8449,0x87ff,1,TWOACC_1_WORD_FMT,EAGLE_OP,0
WANDI,0x8699,0xe7ff,3,ONEACC_IMMDWD_3_WORD_FMT,EAGLE_OP,0
WASH,0x8279,0x87ff,1,TWOACC_1_WORD_FMT,EAGLE_OP,0
WASHI,0xc6a9,0xe7ff,2,ONEACC_IMM_2_WORD_FMT,EAGLE_OP,0
WBLM,0xe749,0xffff,1,UNIQUE_1_WORD_FMT,EAGLE_MEMREF,0
WBR,0x8038,0x843f,1,SPLIT_8BIT_DISP_FMT,EAGLE_PC,0
WBTO,0x8299,0x87ff,1,TWOACC_1_WORD_FMT,EAGLE_MEMREF,0
WBTZ,0x82a9,0x87ff,1,TWOACC_1_WORD_FMT,EAGLE_MEMREF,0
WCLM,0x8569,0x87ff,1,TWOACC_1_WORD_FMT,EAGLE_PC,0
WCMP,0xa759,0xffff,1,UNIQUE_1_WORD_FMT,EAGLE_MEMREF,0
WCMV,0x8779,0xFFFF,1,UNIQUE_1_WORD_FMT,EAGLE_MEMREF,0
WCOM,0x8459,0x87ff,1,TWOACC_1_WORD_FMT,EAGLE_OP,0
WCST,0xe709,0xffff,1,UNIQUE_1_WORD_FMT,EAGLE_MEMREF,0
WCTR,0x8769,0xffff,1,UNIQUE_1_WORD_FMT,EAGLE_MEMREF,0
WDIVS,0xe769,0xffff,1,UNIQUE_1_WORD_FMT,EAGLE_OP,0
WFLAD,0x84a9,0x87ff,1,TWOACC_1_WORD_FMT,EAGLE_FPU,0
WFPOP,0xa789,0xffff,1,UNIQUE_1_WORD_FMT,EAGLE_STACK,0
WFPSH,0x87b9,0xffff,1,UNIQUE_1_WORD_FMT,EAGLE_STACK,0
WINC,0x8259,0x87ff,1,TWOACC_1_WORD_FMT,EAGLE_OP,0
WIOR,0x8469,0x87ff,1,TWOACC_1_WORD_FMT,EAGLE_OP,0
WIORI,0x86a9,0xe7ff,3,ONEACC_IMMDWD_3_WORD_FMT,EAGLE_OP,0
WLDAI,0xc689,0xe7ff,3,ONEACC_IMMDWD_3_WORD_FMT,EAGLE_OP,0
WLDB,0x8529,0x87ff,1,TWOACC_1_WORD_FMT,EAGLE_MEMREF,0
WLMP,0xa7f9,0xffff,1,UNIQUE_1_WORD_FMT,EAGLE_IO,0
WLSH,0x8559,0x87ff,1,TWOACC_1_WORD_FMT,EAGLE_OP,0
WLSHI,0xe6d9,0xe7ff,2,ONEACC_IMM_2_WORD_FMT,EAGLE_OP,0
WLSI,0x85b9,0x87ff,1,IMM_ONEACC_FMT,EAGLE_OP,0
WMOV,0x8379,0x87ff,1,TWOACC_1_WORD_FMT,EAGLE_OP,0
WMOVR,0xe699,0xe7ff,1,ONEACC_1_WORD_FMT,EAGLE_OP,0
WMSP,0xe649,0xe7ff,1,ONEACC_1_WORD_FMT,EAGLE_STACK,0
WMUL,0x8169,0x87ff,1,TWOACC_1_WORD_FMT,EAGLE_OP,0
WMULS,0xe759,0xffff,1,UNIQUE_1_WORD_FMT,EAGLE_OP,0
WNADI,0xe6f9,0xe7ff,2,ONEACC_IMM_2_WORD_FMT,EAGLE_OP,0
WNEG,0x8269,0x87ff,1,TWOACC_1_WORD_FMT,EAGLE_OP,0
WPOP,0x8089,0x87ff,1,TWOACC_1_WORD_FMT,EAGLE_STACK,0
WPOPJ,0x8789,0xFFFF,1,UNIQUE_1_WORD_FMT,EAGLE_PC,0
WPSH,0x8579,0x87ff,1,TWOACC_1_WORD_FMT,EAGLE_STACK,0
WRTN,0x87a9,0xffff,1,UNIQUE_1_WORD_FMT,EAGLE_PC,0
WSAVR,0xA729,0xFFFF,2,UNIQUE_2_WORD_FMT,EAGLE_STACK,0
WSAVS,0xA739,0xFFFF,2,UNIQUE_2_WORD_FMT,EAGLE_STACK,0
WSBI,0x8589,0x87ff,1,IMM_ONEACC_FMT,EAGLE_OP,0
WSEQ,0x80b9,0x87ff,1,TWOACC_1_WORD_FMT,EAGLE_PC,0
WSEQI,0xe6c9,0xe7ff,2,ONEACC_IMM_2_WORD_FMT,EAGLE_PC,0
WSGE,0x8199,0x87ff,1,TWOACC_1_WORD_FMT,EAGLE_PC,0
WSGT,0x81b9,0x87ff,1,TWOACC_1_WORD_FMT,EAGLE_PC,0
WSGTI,0xe689,0xe7ff,2,ONEACC_IMM_2_WORD_FMT,EAGLE_PC,0
WSKBO,0x8f49,0x8fcf,1,WSKB_FMT,EAGLE_PC,0
WSKBZ,0x8f89,0x8fcf,1,WSKB_FMT,EAGLE_PC,0
WSLE,0x81a9,0x87ff,1,TWOACC_1_WORD_FMT,EAGLE_PC,0
WSLEI,0xe6a9,0xe7ff,2,ONEACC_IMM_2_WORD_FMT,EAGLE_PC,0
WSLT,0x8289,0x87ff,1,TWOACC_1_WORD_FMT,EAGLE_PC,0
WSNB,0x8389,0x87ff,1,TWOACC_1_WORD_FMT,EAGLE_PC,0
WSNE,0x8189,0x87ff,1,TWOACC_1_WORD_FMT,EAGLE_PC,0
WSNEI,0xe6e9,0xe7ff,2,ONEACC_IMM_2_WORD_FMT,EAGLE_PC,0
WSSVR,0x8729,0xffff,2,UNIQUE_2_WORD_FMT,EAGLE_STACK,0
WSSVS,0x8739,0xffff,2,UNIQUE_2_WORD_FMT,EAGLE_STACK,0
WSTB,0x8539,0x87ff,1,TWOACC_1_WORD_FMT,EAGLE_MEMREF,0
WSTI,0xe6b9,0xe7ff,1,ONEACC_1_WORD_FMT,EAGLE_FPU,0
WSUB,0x8159,0x87ff,1,TWOACC_1_WORD_FMT,EAGLE_OP,0
WSZB,0x82b9,0x87ff,1,TWOACC_1_WORD_FMT,EAGLE_PC,0
WUSGT,0x80a9,0x87ff,1,TWOACC_1_WORD_FMT,EAGLE_PC,0
WUGTI,0xc699,0xe7ff,3,ONEACC_IMM_3_WORD_FMT,EAGLE_PC,0
WXCH,0x8369,0x87ff,1,TWOACC_1_WORD_FMT,EAGLE_OP,0
XCALL,0x8609,0xe7ff,3,NOACC_MODE_IND_3_WORD_XCALL_FMT,EAGLE_PC,1
XCH,0x81c8,0x87ff,1,TWOACC_1_WORD_FMT,ECLIPSE_OP,0
XCT,0xa6f8,0xe7ff,1,ONEACC_1_WORD_FMT,ECLIPSE_OP,0
XJMP,0xc609,0xe7ff,2,NOACC_MODE_IND_2_WORD_X_FMT,EAGLE_PC,1
XJSR,0xc619,0xe7ff,2,NOACC_MODE_IND_2_WORD_X_FMT,EAGLE_PC,1
XLDB,0x8419,0x87ff,2,ONEACC_MODE_2_WORD_X_B_FMT,EAGLE_MEMREF,1
XLEF,0x8409,0x87ff,2,ONEACC_MODE_IND_2_WORD_X_FMT,EAGLE_MEMREF,1
XLEFB,0x8439,0x87ff,2,ONEACC_MODE_2_WORD_X_B_FMT,EAGLE_MEMREF,1
XNADD,0x8018,0x87ff,2,ONEACC_MODE_IND_2_WORD_X_FMT,EAGLE_MEMREF,1
XNADI,0x8418,0x87ff,2,IMM_MODE_2_WORD_FMT,EAGLE_MEMREF,1
XNDO,0x8498,0x87ff,3,THREE_WORD_DO_FMT,EAGLE_PC,1
XNDSZ,0xa609,0xe7ff,2,NOACC_MODE_IND_2_WORD_X_FMT,EAGLE_PC,1
XNISZ,0x8639,0xe7ff,2,NOACC_MODE_IND_2_WORD_X_FMT,EAGLE_PC,1
XNLDA,0x8329,0x87ff,2,ONEACC_MODE_IND_2_WORD_X_FMT,EAGLE_MEMREF,1
XNSBI,0x8458,0x87ff,2,IMM_MODE_2_WORD_FMT,EAGLE_MEMREF,1
XNSTA,0x8339,0x87ff,2,ONEACC_MODE_IND_2_WORD_X_FMT,EAGLE_MEMREF,1
XNSUB,0x8058,0x87ff,2,ONEACC_MODE_IND_2_WORD_X_FMT,EAGLE_MEMREF,1
XOR,0x8148,0x87ff,1,TWOACC_1_WORD_FMT,ECLIPSE_OP,0
XORI,0xa7f8,0xe7ff,2,ONEACC_IMM_2_WORD_FMT,ECLIPSE_OP,0
XPEF,0x8629,0xe7ff,2,NOACC_MODE_IND_2_WORD_X_FMT,EAGLE_STACK,1
XPEFB,0xa629,0xe7ff,2,NOACC_MODE_2_WORD_FMT,EAGLE_STACK,1
XPSHJ,0x8619,0xe7ff,2,IMM_MODE_2_WORD_FMT,EAGLE_STACK,1
XSTB,0x8429,0x87ff,2,ONEACC_MODE_2_WORD_X_B_FMT,EAGLE_MEMREF,1
XWADD,0x8118,0x87ff,2,ONEACC_MODE_IND_2_WORD_X_FMT,EAGLE_MEMREF,1
XWADI,0x8518,0x87ff,2,IMM_MODE_2_WORD_FMT,EAGLE_MEMREF,1
XWDSZ,0xA639,0xe7FF,2,NOACC_MODE_IND_2_WORD_X_FMT,EAGLE_PC,1
XWISZ,0xa619,0xe7ff,2,NOACC_MODE_IND_2_WORD_X_FMT,EAGLE_PC,1
XWLDA,0x8309,0x87ff,2,ONEACC_MODE_IND_2_WORD_X_FMT,EAGLE_MEMREF,1
XWSBI,0x8558,0x87ff,2,IMM_MODE_2_WORD_FMT,EAGLE_OP,1
XWSTA,0x8319,0x87ff,2,ONEACC_MODE_IND_2_WORD_X_FMT,EAGLE_MEMREF,1
XWSUB,0x8158,0x87ff,2,ONEACC_MODE_IND_2_WORD_X_FMT,EAGLE_OP,1
ZEX,0x8359,0x87ff,1,TWOACC_1_WORD_FMT,EAGLE_OP,0
;
